id,trigger,conditions,script,text,options,notes
# interaction with target market,,,,,,
extrOpenMarket1,OpenInteractionDialog,"$market.extr_target score:1000
Call $market.extr_ref updateData
$extr_variation == COLONY
!$extr_addedRaidObjective","AddRaidObjective genericIcon ""Perform extraction operation"" $extr_danger 3000 extrRaidFinished
$extr_addedRaidObjective = true 0
FireBest OpenInteractionDialog",,,
extrOpenMarket2,OpenInteractionDialog,"$market.extr_target score:1000
Call $market.extr_ref updateData
$extr_variation == PIRATE_BASE
!$extr_addedRaidObjective","AddRaidObjective genericIcon ""Perform extraction operation""$extr_danger 5000 extrRaidFinished
$extr_addedRaidObjective = true 0
FireBest OpenInteractionDialog",,,
extrOpenMarket3,OpenInteractionDialog,"$market.extr_target score:1000
Call $market.extr_ref updateData
$extr_variation == LUDDIC_PATH_BASE
!$extr_addedRaidObjective","AddRaidObjective genericIcon ""Perform extraction operation"" $extr_danger 5000 extrRaidFinished
$extr_addedRaidObjective = true 0
FireBest OpenInteractionDialog",,,
extrRaidFinished1,extrRaidFinished,"$extr_variation == COLONY
Call $market.extr_ref updateData","$market.extr_needToReturn = true
Call $market.extr_ref updateStage","当突击穿梭机在码头上停靠时，你感受到了着陆的震动。你向护送获救特工的军医和陆战队员致意，他们向你敬礼，获救的特工因为意识过于模糊，没有认出你就是他们的救星。

无所谓了。
",,
extrRaidFinished2,extrRaidFinished,"$extr_variation == PIRATE_BASE
Call $market.extr_ref updateData","$market.extr_needToReturn = true
Call $market.extr_ref updateStage","被解救的特工浑身是血，但还活着，他被一名医护人员和两名警卫护送到了安全的地方。

充满怨念和无力感的复仇誓言在通信中出现。你向你的通讯员点头，接着对方关闭了公用频道。",,
extrRaidFinished3,extrRaidFinished,"$extr_variation == LUDDIC_PATH_BASE
Call $market.extr_ref updateData","$market.extr_needToReturn = true
Call $market.extr_ref updateStage","被解救出来的特工筋疲力尽，虽然还活着，但看起来需要好好地休整一阵子了，他被一名医护人员和两名警卫护送到了安全的地方。

充满怨念和无力感的复仇誓言在通信中出现。你向你的通讯员点头，接着对方关闭了公用频道。",,
extr_barIntercept,DialogOptionSelected,"$option == marketVisitBar
$market.extr_target score:1000
!$extr_skipBarIntercept
Call $market.extr_ref updateData",,"穿梭机最终接近了港口区域，驾驶员监督着姿态推进器的脉冲信号。

你收到了通讯请求。那是一个传入请求 - 未知来源的加密语音连接。","extr_pickUp:接受通讯请求
extr_ignore:忽略它并直接前往酒吧",
extr_barIgnore,DialogOptionSelected,$option == extr_ignore,"$option = marketVisitBar
$extr_skipBarIntercept = true 0
FireBest DialogOptionSelected
unset $extr_skipBarIntercept",,,
extr_barPickUp,DialogOptionSelected,$option == extr_pickUp,"SetStoryOption extr_storyOption general ""与对方协商和平移交目标""
Highlight $extr_storyCost
DoCanAffordCheck $extr_storyCost extr_storyOption false","你接受了通讯请求。一个声音从你速子平板的静态显示器中发出。

""{$playerName}舰长。我知道你来这里的真正原因，我相信我们可以私下这个问题，但出于政治考虑，我必须保持匿名。""

""我明白你使用致命武力的能力不容小觑。因此我想给出一些建议，能避免一些流血牺牲。""

""舰长，您一定要相信我。当然，我不能就这么把你想要的送给你; 它的价格是{$extr_storyCost}星币。我希望对你来说这值得让步。""","extr_storyOption:选择合作并支付星币
extr_ignore:挂掉通讯并前往酒吧",
extr_barStoryOption1,DialogOptionSelected,$option == extr_storyOption,RemoveCommodity credits $extr_storyCost,"对方为你提供了一个一次性账户用于转账。

""太好了，舰长，""那个声音说，""我确认已经收到你了的付款。接着，我只需要很短的时间来做出安排。""

这个声音指示你去一个特定的酒吧，名为{Eduardo}，它在广场附近。""再见，{$playerName}舰长，""声音最后这么说到。

时间一分一秒地过去，你的目标 - 以及星币 - 可能都会离你而去，带着这种消沉的感觉，你走进了酒吧。",extr_continue1:继续,
extr_barStoryOption2,DialogOptionSelected,$option == extr_continue1,"$market.extr_needToReturn = true
Call $market.extr_ref updateStage
FireAll extrBarStoryOptionHub","你一走进昏暗的灯管照明的室内，店主就抬起头来。""嘿!""你被这语气吓了一跳。""你不能就这么让你的朋友睡在这里，我又不是开酒店的，对吧?""这一定是{Eduardo}了。

{Eduardo}把你拉到酒吧的一个角落里，那里有一个似乎喝醉了的人，一个防辐射面具一样的东西罩住了他的脸。你把那东西拿开，发现这人就是你的撤离目标。对方的脸色有些苍白，失去了知觉，还流着口水，但你知道这张脸和你的情报相符。

""也许你的朋友在磕药，但我不想惹麻烦，我不会问不该问的。你看，我把他照顾的很好吧? 千万别打市政电话。现在你带着你的朋友走吧。走，出去!""当你抬起那松弛的身体时，老板试图把你推出酒吧。","

",
extr_barStoryOptionHubA,extrBarStoryOptionHub,,,,extr_continue2:离开,
extr_barStoryOptionHubB,extrBarStoryOptionHub,!$askedRecognize,,,"extr_continue3a:""等等，你怎么认出我来的?""",
extr_barStoryOptionHubC,extrBarStoryOptionHub,!$askedHow,,,"extr_continue3b:""我的{'朋友'}是怎么来的?""",
extr_barStoryOption3a,DialogOptionSelected,$option == extr_continue3a,"$askedRecognize = true 0
FireAll extrBarStoryOptionHub","{Eduardo}翻了翻白眼: ""你的另一个朋友给我看了你的全息照，说: 看，我的另一个舰长朋友要来接这个人了。""

""现在快走吧，我不想让人们认为我的酒不好，或者{Eduardo}经营的餐厅没有档次。走，走!""",,
extr_barStoryOption3b,DialogOptionSelected,$option == extr_continue3b,"$askedHow = true 0
FireAll extrBarStoryOptionHub","{Eduardo}大声叹了口气: ""我告诉你，然后你马上就会走的对吧? 现在我告诉你: 我什么都没看见。我开的是招待太空船员的酒吧，不是儿童托儿所。一批又一批的人会拜访这里，然后离开。我不会多管闲事，不会问重要的问题，只会问{'近况如何?'}或者{'燃料又涨价了不是吗?'}，这就是本分。""

""我们说好了的，现在你快走。出去，出去!""",,
extr_barStoryOption3,DialogOptionSelected,$option == extr_continue2,"ShowDefaultVisual
FireAll PopulateOptions","离开酒吧后，你把这个失去知觉的家伙递给了你的一个保镖，他使用了一些巧妙的技巧，让搬人看起来变得轻松了不少。

在穿梭机上，检查报告显示特工被大量且熟练地注射了镇静剂。

在你的旗舰上的安全区域恢复意识后，特工一开始满腹狐疑，完全没有展现出合作的态度 - 直到你对上了暗号。冷静下来后，他也无法解释自己为什么会在{Eduardo}酒吧。

也许这无关紧要; 你只需要把他找回来，拿到工资，任务就完成了。",,
# returned with target,,,,,,
extrMissionReturn1,PickGreeting,"$extr_returnHere score:1000
Call $extr_ref updateData
$extr_variation == COLONY
FireBest GenericMissionReturn","ShowPersonVisual
$extr_completed = true
Call $extr_ref updateStage","""令人印象深刻，舰长，""{$faction $rank}说。""我听说你在帮助我们在取得情报一事上取得了巨大成功。分析师们非常兴奋。""",contact_pickAnotherGreeting:继续,
extrMissionReturn2,PickGreeting,"$extr_returnHere score:1000
Call $extr_ref updateData
$extr_variation == PIRATE_BASE
FireBest GenericMissionReturn","ShowPersonVisual
$extr_completed = true
Call $extr_ref updateStage","""做得不错，舰长。""{$faction $rank}说，""我们的特工...会痊愈的。""

{$HeOrShe}靠在椅背上，眼睛盯着一些说不清道不明的东西。""另一方面，我们获得了有关海盗的组织，行为模式，以及他们在政府部门的替罪羊的情报，我们将迅速给予他们应得的正义。""",contact_pickAnotherGreeting:继续,
extrMissionReturn3,PickGreeting,"$extr_returnHere score:1000
Call $extr_ref updateData
$extr_variation == LUDDIC_PATH_BASE
FireBest GenericMissionReturn","ShowPersonVisual
$extr_completed = true
Call $extr_ref updateStage","""干得好，舰长，""{$faction $rank}说，""我必须承认，我根本没有料到我们的特工能被安全救出。左径分子...跟他们的战斗总是如此残酷。""{$HeOrShe}摇着{$hisOrHer}头。

""情报人员告诉我，我们的特工提供的信息可以让我们找到大量渗透进来的左径分子。我不会透露细节，但你知道这意味着什么。我想我不必强调你救了多少人的命。""",contact_pickAnotherGreeting:继续,
,,,,,,
# custom military bounty,,,,,,
mcbBlurb,mcb_blurb,,,"""这又有了一些新目标，""{$heOrShe}叹了口气，""如果你能从里边挑一份赏金，我负责处理的事可能会少些麻烦。""",,
mcbOfferOption,mcb_option,,,,mcb_start:问问赏金清单里有什么,
mcbBlurbBar,mcb_blurbBar,,,一位军官正在一张看起来不错的桌子上等待着什么; 你看到一个雇佣舰长走了过去，双方简单地说了几句话，还敲了敲数据板。他们似乎是某种星系巡回联络人，负责将赏金任务外包出去。,,
mcbOfferOptionBar,mcb_optionBar,,,,mcb_startBar:和负责军方悬赏任务的{$mcb_manOrWoman}谈谈,
mcbOfferTextContact,DialogOptionSelected,$option == mcb_start,"$missionId = mcb
$option = mcb_showOptions 0
FireBest DialogOptionSelected","""这里有几个目标。""{$Post $personLastName}调出一个共享显示屏，上边显示着一系列的情报。""我们的行动舰队马上就会处理掉你不接的单子，所以你可以随便选。你认为你能胜任什么样的工作?""",,
mcbOfferTextBar,DialogOptionSelected,$option == mcb_startBar,"$missionId = mcb
$option = mcb_showOptionsBar 0
FireBest DialogOptionSelected","你走过去，{$rank $personLastName}敷衍地点了点头。""舰长，""{$heOrShe}带着公事公办的语气说。

""这里有几项任务要处理，""{$heOrShe}低下头，滚动着{$hisOrHer}数据板。一杯没加糖的黑咖啡正放在{$hisOrHer}手边的桌子上晾着。""你能胜任怎么样的工作?""",,
mcbLowSel,DialogOptionSelected,$option == mcb_low,"$mcb_difficulty = LOW 0
FireBest MCBShowBounty",,,
mcbNormalSel,DialogOptionSelected,$option == mcb_normal,"$mcb_difficulty = NORMAL 0
FireBest MCBShowBounty",,,
mcbHighSel,DialogOptionSelected,$option == mcb_high,"$mcb_difficulty = HIGH 0
FireBest MCBShowBounty",,,
MCBShowBounty,MCBShowBounty,,Call $mcb_ref showBountyDetail,,mcb_showIntel:继续,
MCBShowBountyShowShips,DialogOptionSelected,$option == mcb_showIntel,Call $mcb_ref showBountyAssessment,,"contact_accept:接受
contact_decline:谢绝
mcb_showOptions:问问其它的目标",
MCBShowBountyBar,MCBShowBounty,$mcb_barEvent,Call $mcb_ref showBountyDetail,,mcb_showIntelBar:继续,
MCBShowBountyShowShipsBar,DialogOptionSelected,$option == mcb_showIntelBar,Call $mcb_ref showBountyAssessment,,"contact_acceptBar:接受
contact_declineBarNoContinue:谢绝
mcb_showOptionsBar:问问其它的目标",
mcbGoBackSel,DialogOptionSelected,$option == mcb_showOptions,,,"mcb_low:""我比较倾向于更容易拿捏的目标。""
mcb_normal:""随便什么活都行。""
mcb_high:""我可以处理更难搞定的目标。""
contact_decline:""算了，下次吧。"" (谢绝)",
mcbGoBackBarSel,DialogOptionSelected,$option == mcb_showOptionsBar,,,"mcb_low:""我比较倾向于更容易拿捏的目标。""
mcb_normal:""随便什么活都行。""
mcb_high:""我可以处理更难搞定的目标。""
contact_declineBarNoContinue:""算了，下次吧。"" (谢绝)",
# custom bounty offer details - military,,,,,,
CBPirate,CBPirateOfferDesc,,Highlight $bcb_dist $bcb_reward $bcb_days,"{$HeOrShe}点了点其中一个条目，列出了它的详细信息。全息通缉令上的那张脸正对你皱着眉头，

""这是个藏在{$bcb_systemName}中的海盗，距离这里{$bcb_dist}光年。对方和我们一个爱说话的同事吵了一架，那给了我们足够的证据。""

""奖励是{$bcb_reward}星币，你有{$bcb_days}天来完成这项工作，如何?""",,
CBPirateAristo,CBPirateOfferDescAristo,$voice == aristo,Highlight $bcb_dist $bcb_reward $bcb_days,"{$HeOrShe}点了点其中一个条目，列出了它的详细信息。全息通缉令上的那张脸正对你皱着眉头，

""这应该是某种海盗。""{$PersonName}让{$hisOrHer}眼睛投射出一种要生啖其肉的目光，""{$bcb_TargetHeOrShe}从我这里偷了东西，这完全不可接受。""{$HeOrShe}向后靠了靠，一副无所谓的样子: ""当然，丢了点星币无关紧要。重要的是这种抢劫行为传递的信息。我们不能让海盗从合法拥有者那里偷走辛苦挣来的财富。""

""目标藏在{$bcb_systemName}中，那离这里{$bcb_dist}光年远。搞定目标后我会给你{$bcb_reward}星币，时限是{$bcb_days}。我们达成共识没?""",,
CBPather1,CBPatherOfferDesc,,Highlight $bcb_dist $bcb_reward $bcb_days,"""啊，这有份工作，""{$heOrShe}拿出一份案件档案。""卢德左径特工。跟几起爆炸，海盗之类的案子有关。{$bcb_TargetHeOrShe}藏在{$bcb_systemName}星系中，{$bcb_dist}光年远。""

一些当地的财团也参与了进来，所以这份工作的奖励是{$bcb_reward}星币。你有{$bcb_days}天来搞定{$bcb_targetHimOrHer}。感兴趣吗?""",,
CBPather1Aristo,CBPatherOfferDescAristo,$voice == aristo,Highlight $bcb_dist $bcb_reward $bcb_days,"""啊，这个，是这样。""{$heOrShe}打开一份情报文件。""他是所谓的{'卢德左径'}追随者。他认为我们最好把电脑砸了，住在山洞里或者其他什么鬼地方。你不会想知道当他们拥有足够的能力去实现他们的目标时，他们究竟能带来多大的损害。这家伙藏在{$bcb_systemName}，距离这里{$bcb_dist}光年，他已经产生了不小的威胁。""

""我会给你{$bcb_reward}星币 - 在你干掉这个狂信徒后。你有{$bcb_days}天的时间来完成任务。""",,
CBPather2LuddicChurch,CBPatherOfferDesc,$personFaction.id == luddic_church,Highlight $bcb_dist $bcb_reward $bcb_days,"""这是个比较敏感的麻烦，""{$heOrShe}沉默了一会儿。

""我们的一个...前任骑士，违背了他们的誓言并加入了所谓的{'卢德左径'}。一个最近认罪的异教徒证实了我们关于叛徒的情报。他藏在{$bcb_systemName}， 离这儿{$bcb_dist}光年。""

""鉴于以先知之名犯下的滔天罪行和异端行为，教会对这次处决给予了宽容，并提供{$bcb_reward}星币作为奖励。我们需要你在{$bcb_days}天内完成这个任务。你接受吗?""",,
CBDeserter,CBDeserterOfferDesc,,Highlight $bcb_dist $bcb_reward $bcb_days,"""如果我有一支舰队的话，我会亲自搞定这个人。""{$heOrShe}脸上露出的表情好像{$heOrShe}刚吃了一些酸到了极点的东西，""{$bcb_targetName}是一个叛徒，来自{$thePersonFaction}的逃兵，我们必须让后人引以为戒。现在我们知道{$bcb_targetHeOrShe}藏在{$bcb_systemName}中，距离这里{$bcb_dist}光年。""

""奖励是{$bcb_reward}星币，任务需要在{$bcb_days}天内完成。你准备好了吗?""",,
CBDeserterSoldier,CBDeserterOfferDesc,$voice == soldier,Highlight $bcb_dist $bcb_reward $bcb_days,"""我承认，如果我还在指挥舰队，我会很乐意承担这个任务。逃兵，叛变者，""{$heOrShe}冷笑道，""随你怎么称呼这玩意儿，{$thePersonFaction}的叛徒就藏在{$bcb_systemName}里，离这里{$bcb_dist}光年。""

""奖励是{$bcb_reward}星币，任务需要在{$bcb_days}天内完成。准备好干掉这个叛徒了吗?""",,
CBDeserterFaithful,CBDeserterOfferDesc,$voice == faithful,Highlight $bcb_dist $bcb_days $bcb_reward,"""这项任务令我心神不宁。""{$Rank $personName}看起来更像是生气而非烦恼，{$HeOrShe}深吸了一口气，""我必须祈求宽恕; 愤怒不利于保持精神健康。""

""让我继续说明。我们被背叛了; {$thePersonFaction}的叛徒偷了船并开始散播叛乱。我们得到可靠情报，{$bcb_targetHeOrShe}藏在{$bcb_systemName}中，距离这里{$bcb_dist}光年，对方似乎正等待着某种碰头。""

""他们必须在{$bcb_days}天内被拦截。奖励是{$bcb_reward}星币和我个人的感谢。你愿意帮忙吗?""",,
CBMerc,CBMercOfferDesc,,Highlight $bcb_dist $bcb_reward $bcb_days,"""此人，""{$heOrShe}强调道，""不适合胆小的人。一个精英雇佣兵...你不需要知道细节，只要知道{$bcb_targetHeOrShe}惹到了不该惹的人就好。{$bcb_TargetHeOrShe}藏在{$bcb_systemName}里，那是{$bcb_dist}光年之外。""

""奖励是{$bcb_reward}星币 - 大量的风险补偿 - 而且十分合理。不要轻视{$bcb_targetHimOrHer}，时限为{$bcb_days}天。""

{$HeOrShe}坚定地看着你。""要知道，你不是第一个尝试这份工作的人。另一个人在那之后就杳无音讯了。如果你想放弃这个目标，那也没什么好羞愧的。""",,
CBDerelict,CBDerelictOfferDesc,,Highlight $bcb_dist $bcb_reward $bcb_days,"""面对这个目标时你得谨慎行事。""当{$personName}展示任务细节时，你注意到简报中布满了[数据删除]的字样。""我们在距离这里{$bcb_dist}光年的{$bcb_systemName}发现了一支人之领时代的无人战舰舰队。""

""它们通常处于休眠状态，保护一些没有被记载的探测器，惊吓探索者。但这支舰队不同。""{$HeOrShe}严肃地说。""坦白说，一群这样的东西独自游荡是很可怕的。他们不应该有超空间航行的能力以及足够的燃料。""

""不管这些东西想干什么，都必须阻止它们。奖励是{$bcb_reward}星币 - 高于正常水平，既考虑到风险，也考虑到你的谨慎。""{$Rank $personLastName}带着黑色幽默一般的微笑，""可别惊扰到居民，哈哈。""

""你会接受的，对吗? 你需要在{$bcb_days}天内完成这个任务。""",,
CBRemnant,CBRemnantOfferDesc,,Highlight $bcb_dist $bcb_reward $bcb_days,"""面对这个目标时你得谨慎行事。""当{$personName}展示任务细节时，你注意到简报中布满了[数据删除]的字样。""一支余辉无人战舰舰队在{$bcb_systemName}被发现了，距离这里只有{$bcb_dist}光年。""

""这些东西是在某次AI战争中遗留下来的 - 一些书呆子认为它们不值得花费清理的成本。但这支舰队比往常更加活跃，因此上级指挥部门对此有些担忧。""{$HeOrShe}的双眼直直盯着你，""非常担忧。""

""不管这支舰队要做什么，它们的停转会让一些大人物睡得更香一些。奖励是{$bcb_reward}星币 - 高于正常水平，既考虑到风险，也考虑到你的谨慎。指挥部希望这个任务能在{$bcb_days}天内被完成。""",,
CBRemnantPlus,CBRemnantPlusOfferDesc,,Highlight $bcb_dist $bcb_reward $bcb_days,"""这件事必须严格保密，""{$heOrShe}严肃地看着你。""一个远程巡逻队在{$bcb_systemName}星系，也就是{$bcb_dist}光年远的地方发现了一个余辉无人战舰舰队。那支巡逻队没能返航。""

""我们在巡逻队的一个情报藏匿点发现了这个。""{$personLastName $Rank}向你展示了一个经过模糊处理的图像，就像错误的颜色组成的投影一般，呈现出几个尖角的样式。""它不像AI战争中留下的残余舰队。分析显示，它和余辉战舰的零部件配置没有相似之处，所以这甚至不是什么余辉自己产出的新玩意儿。""轻轻一划后，{$rank}将这张图片删除了。

""现在忘掉那个。任务的奖励是{$bcb_reward}星币，报酬看起来很高，因为这不是个寻常的任务，而不寻常意味着有风险。{STRATCOM}认为不寻常的问题可以使用不寻常的解决方案，因此 - ""{$heOrShe}摊了摊手，示意你就是那个解决方案。""你接这活吗? 你有{$bcb_days}天来处理这支舰队。""",,
CBRemnantStation1,CBRemnantStationOfferDesc,$personFaction.id == hegemony,Highlight $bcb_dist $bcb_reward $bcb_days,"""这是直接从霸主机构派发的任务，""{$heOrShe}细细端详着你。""一个远程巡逻队在{$bcb_systemName}，也就是{$bcb_dist}光年外的地方回收了一个探测器，而这就是探测器上记载的东西。""

{$personLastName $Rank}调出了一副共享显示的图像，在大量的[数据删除]的警告和生物识别确认信息中，你看到了一个大型轨道结构的模糊图像，一些霸主分析师用显眼的颜色标出了一些子结构。""一个仍在运作的余辉空间站 - 我认为{'nexus'}是速子科技对它们的称呼 - 那是AI战争的遗留物。一些书呆子认为清理它的成本太高了，但要我说，这是一颗定时炸弹。你永远不知道它什么时候会开始大量生产军舰。""轻轻一划后，{$rank}将这张图片删除了。

""霸主最终决定做点什么 - 以非官方手段。这意味着像你这样的特工，""{$heOrShe}说，但语气中透出对方认为这是海军该处理的事。""奖励是{$bcb_reward}星币，考虑到了危险和你的慎重。你将有{$bcb_days}天来搞定它。""",,
CBRemnantStation2,CBRemnantStationOfferDesc,$personFaction.id == luddic_church,Highlight $bcb_dist $bcb_reward $bcb_days,"""这是最令人不安的事情，""{$heOrShe}说着比了个代表卢德之锤的手势。""我们从一个远行的勘探者那里收到消息，说有一个余辉空间站 - 术语应该是{'nexus'} - 正在{$bcb_systemName}中运作着，那离这里{$bcb_dist}光年。骑士团派去的远程侦察队证实了这一点。""

""这种{'nexus'}可以追溯到AI圣战时代。霸主认为清理它们{'成本太高'}了。""{$HeOrShe}抬起头，似乎想要引述什么，""恶将取胜，只当善因缺乏勇气，因饥肠辘辘，因四肢乏力而踌躇不前。""{$personName $Rank}重新将{$hisOrHer}目光投向了你，那之中充满了热情。""但教会不能坐视不管。""
        
""我们没有霸主那样的舰队，而这...在对抗那些人造恶魔的战斗中，向我们摇摆不定的盟友展示我们站在道德的制高点上是不明智的。因此，教会在充分考虑风险和你的谨慎的情况下，向你提供{$bcb_reward}星币，并希望你能在{$bcb_days}内完成这个任务。""",,
CBRemnantStation3,CBRemnantStationOfferDesc,$personFaction.id == luddic_path,Highlight $bcb_dist $bcb_reward $bcb_days,"""我们的一名卧底探员发现了霸主隐藏已久的记录。他们向大众隐瞒了一个能正常运转的余辉空间站的存在，用速子叛教者的话来说那叫{'nexus'}，它位于{$bcb_systemName}中，距离我们{$bcb_dist}光年。""

""自伟大的AI圣战以来，如此腐败的堡垒一直矗立在那里，这在上帝的眼中是一种亵渎。霸主隐藏它们的存在的原因我们不得而知，但是，""{$personName $rank}带着更大的热情说道，""这正是我们从神圣真空中清除这些机器恶魔的正义之路。""
        
""要是我能带领一支舰队去完成这项任务就好了 - 唉，仍在圣途中航行的战舰已经为数不多了，而要集结兵力去攻下这样一个目标会带来...不必要的关注。所以，我们舍弃了我们的荣耀，给你{$bcb_reward}星币来完成这个神圣的任务 - 在{$bcb_days}天之内，只因善者停歇之时，邪恶蠢蠢欲动。你愿意接受吗?""",,
CBEnemyStation,CBEnemyStationOfferDesc,,Highlight $bcb_reward $bcb_dist $bcb_days,"""我们需要拿下一个敌方空间站，""{$heOrShe}用手指轻敲了几下{$hisOrHer}数据板，看着你。""这是一项艰巨的任务，""{$heOrShe}平静地说，""但也会有相应的报酬，{$bcb_reward}星币。""

{$personName $Rank}向你展示了位于{$bcb_systemName}中的{$bcb_fleetName}。""位于{$bcb_dist}光年外，我们希望任务能在{$bcb_days}内完成，这样我们的...其他工作可以继续进行。你不必担心那些事，只要专注于这项任务，就能得到报酬。你觉得你能行吗?""",,
,,,,,,
# custom underworld bounty,,,,,,
ucbBlurb,ucb_blurb,,,"""我有一张清单，上边都是需要被处理掉的人，""{$personName}若无其事地说。""你可以在这些工作中赚到不少星币。""",,
ucbOfferOption,ucb_option,,,,ucb_start:申请接取一份赏金,
ucbBlurbBar,ucb_blurbBar,,,一个{$ucb_manOrWoman}占据了一个阴暗的角落，同样藏在阴影中的还有一些暴徒，但他们的眼睛可是闪闪发光。从他们对话和敲击数据板的方式，你判断出这是一些雇佣兵和海盗。似乎是个提供脏活的地方?,,
ucbOfferOptionBar,ucb_optionBar,,,,ucb_startBar:走向正在商谈黑道赏金的{$ucb_manOrWoman}。,
ucbOfferTextContact,DialogOptionSelected,$option == ucb_start,"$missionId = ucb
$option = ucb_showOptions 0
FireBest DialogOptionSelected","""你想把你的手弄脏吗?""{$HeOrShe}露出了{$hisOrHer}牙齿，那样的表情对于微笑来说也太过血腥了点。""我这儿有几份工作可能适合你的才能。""",,
ucbOfferTextBar,DialogOptionSelected,$option == ucb_startBar,"$missionId = ucb
$option = ucb_showOptionsBar 0
FireBest DialogOptionSelected","当你走近时，{$heOrShe}以专业的目光审视着你，精妙的控制器闪烁着接近红外线的微光。""你是特工吗? 喜欢干脏活的那种?""

{$HeOrShe}脸上的不是笑容，那更像食肉动物露出牙齿。

""我也许能安排一份工作...适合你的才能的工作。""{$heOrShe}说，植入物在{$hisOrHer}眼睛里闪烁着。",,
ucbLowSel,DialogOptionSelected,$option == ucb_low,"$ucb_difficulty = LOW 0
FireBest ucbShowBounty",,,
ucbNormalSel,DialogOptionSelected,$option == ucb_normal,"$ucb_difficulty = NORMAL 0
FireBest ucbShowBounty",,,
ucbHighSel,DialogOptionSelected,$option == ucb_high,"$ucb_difficulty = HIGH 0
FireBest ucbShowBounty",,,
ucbShowBounty,ucbShowBounty,,Call $ucb_ref showBountyDetail,,ucb_showIntel:继续,
ucbShowBountyShowShips,DialogOptionSelected,$option == ucb_showIntel,Call $ucb_ref showBountyAssessment,,"contact_accept:接受
contact_decline:拒绝
ucb_showOptions:问问其它的目标",
ucbShowBountyBar,ucbShowBounty,$ucb_barEvent,Call $ucb_ref showBountyDetail,,ucb_showIntelBar:继续,
ucbShowBountyShowShipsBar,DialogOptionSelected,$option == ucb_showIntelBar,Call $ucb_ref showBountyAssessment,,"contact_acceptBar:接受
contact_declineBarNoContinue:拒绝
ucb_showOptionsBar:问问其它的目标",
ucbGoBackSel,DialogOptionSelected,$option == ucb_showOptions,,,"ucb_low:""我比较倾向于更容易拿捏的目标。""
ucb_normal:""随便什么活都行。""
ucb_high:""我可以处理更难搞定的目标。""
contact_decline:拒绝 - 下次再说",
ucbGoBackBarSel,DialogOptionSelected,$option == ucb_showOptionsBar,,,"ucb_low:""我比较倾向于更容易拿捏的目标。""
ucb_normal:""随便什么活都行。""
ucb_high:""我可以处理更难搞定的目标。""
contact_declineBarNoContinue:拒绝 - 下次再说",
# custom bounty offer details - underworld,,,,,,
CBTrader,CBTraderOfferDesc,,Highlight $bcb_dist $bcb_reward $bcb_days,"""这是个贸易舰队的活儿。舰队的主人需要收到严厉的警告。""

{$HeOrShe}拿出了一份内部海关检查命令，并附上舰队处置报告。""我们已经和海关部门的一个，嗯，友好的官员说了几句话，让他们不要检查{$bcb_systemName}，那在{$bcb_dist}光年远的地方。""{$HeOrShe}得意地笑着说: ""那非常便捷。不太便捷的是巡逻人员不会很快离开，你们只能自己找找解决这个小问题的方法了。""

""给你的报酬是{$bcb_reward}星币。任务得在他们进行检查之前完成，时间很紧，你最多只有{$bcb_days}天，然后他们就会过去。听起来怎么样?""",,
CBPatrol,CBPatrolOfferDesc,,"SetTextHighlightColors $bcb_patrolFactionColor h h h
Highlight $bcb_patrolFaction $bcb_dist $bcb_reward $bcb_days","""看看这个大好人。""{$HeOrShe}调出了一个身穿制服的军官的全息影像。""太正直和诚实了，不知道什么时候该妥协一点，好让每个人都过的轻松些。拿钱，睁一只眼闭一只眼，不伤害不该伤害的人，对吧?""{$personName}对着固执的守法者摇了摇{$hisOrHer的}头。

""{$bcb_TargetHeOrShe}正指挥着{$bcb_patrolFaction}巡逻舰队在{$bcb_dist}光年之外，{$bcb_systemName}星系的{$bcb_targetMarketName}上活动着，你能在那里找到{$bcb_targetHimOrHer}，不在的话可以去看看附近的跳跃点，或者是附近的轨道战略资产，通信中继站等等。""

{$HeOrShe}轻蔑地关掉了全息影像。""干掉{$bcb_targetHimOrHer}，你会得到{$bcb_reward}星币的报酬。我会给你{$bcb_days}天时间来完成这项工作。你觉得你能搞定吗?""",,
CBMercUW,CBMercUWOfferDesc,,Highlight $bcb_dist $bcb_reward $bcb_days,"{$HeOrShe}展示了一张在港口大厅拍摄的模糊全息照片。""这个雇佣兵给我一个朋友的行动带来了很多麻烦。我想让你帮忙解决我朋友的问题...一劳永逸地解决。""

{$PersonName}将照片放到了一边，然后打开了星图。""我们诱使{$bcb_targetHimOrHer}去仅有{$bcb_dist}光年远的{$bcb_systemName}调查一些虚无缥缈的东西。{$bcb_TargetHeOrShe}觉得{$bcb_targetHeOrShe}在找一些先进武器的藏匿点。""{$heOrShe}无情地笑着。

""我安排这件事是为了帮我的朋友一个忙，我的朋友同意向任何接受工作的人支付{$bcb_reward}星币。任务时间为{$bcb_days}天。你能处理好吗?""",,
,,,,,,
# smuggling mission,,,,,,
smugBlurb,smug_blurb,,,"""我需要将{$smug_commodityName}运送到{$smug_marketName}。必须谨慎行事。""
OR
""我需要在不惊扰当局的情况下，将{$smug_commodityName}运送到{$smug_marketName}。""",,
smugOfferOption,smug_option,,,,smug_start:打探关于秘密走私行动的消息,
smugBlurbBar,smug_blurbBar,,,酒吧里，一个可疑的{$smug_manOrWoman}正在用没有牌子的数据板烦扰着看起来就对此没有丝毫兴趣的星舰舰长。,,
smugOfferOptionBar,smug_optionBar,,,,smug_startBar:看看那个带着没商标数据板的可疑{$smug_manOrWoman}在为了什么而问东问西,
smugOfferTextBar,DialogOptionSelected,$option == smug_startBar,"$missionId = smug
SetTextHighlights $smug_quantity $smug_dist $smug_reward
ShowRemainingCapacity $smug_commodityId","当你走近时，那个{$smug_manOrWoman}暂时停止了{$hisOrHer}和他人的攀谈，把{$hisOrHer的}注意力转移到了你身上。

""你，舰长。果然，诚实的人你一眼就能看出来!""{$HeOrShe}歪嘴笑了笑，""快看，""{$heOrShe}把闪烁的数据板递到了你的手中: 那是一个货物清单，大部分是低档建筑材料，存储在另一个星系的仓库里。

{$HeOrShe}靠了过来，轻声解释着数据板上的内容，""你帮我把{$smug_quantity}个单位的{$smug_commodityName}移动到{$smug_marketName}，仅在{$smug_dist}光年外，很近。然后我会付你{$smug_reward}星币。不涉及当局，没有检查，没有关税。很容易到手的一笔钱，对吧?""","contact_acceptBar:接受
contact_declineBarNoContinue:拒绝",
smugOfferTextContact,DialogOptionSelected,$option == smug_start,"$missionId = smug
SetTextHighlights $smug_quantity $smug_dist $smug_reward
ShowRemainingCapacity $smug_commodityId","""我需要将{$smug_quantity}单位的{$smug_commodityName}移动到{$smug_marketName}，那位于{$smug_dist}光年外。必须要谨慎; 不能让当局知道货物的事。送货完成后你能收到{$smug_reward}星币。""","contact_accept:接受
contact_decline:拒绝",
smugPostAccept,ContactPostAccept,$missionId == smug,AddCommodity $smug_commodityId $smug_quantity,,,
# arrived at destination,,,,,,
smug_checkCompletion,MarketPostDock,"$market.smug_target score:1000
$tradeMode == SNEAK
Call $market.smug_ref updateData
$smug_playerHasEnough",,,smug_deliverContinue:继续,
smug_checkCompletionCont,DialogOptionSelected,$option == smug_deliverContinue,"RemoveCommodity $smug_commodityId $smug_quantity
$market.smug_completed = true 0
Call $market.smug_ref updateStage","你订购了{$smug_commodityName}的货物，并指定对方将其运到一处偏远的废弃太空港。你的旗舰很快就收到了来自一次性通讯基站的确认。
OR
在你发出事先说好的信号后，一辆改装过的地对轨客运列车很快与你{$fleetOrShip}的轨道进行了同步。装着{$smug_commodityName}的货箱由没有导航应答器的无人机迅速转移完毕，然后运输载具快速离开了。",marketCmd_checkDebtContinue:继续,
smug_checkCompletionNotSneaking,MarketPostDock,"$market.smug_target score:1000
$tradeMode != SNEAK
Call $market.smug_ref updateData
$smug_playerHasEnough","$smug_noCompleteShown = true 0
SetTextHighlightColors bad bad
Highlight ""coming in with your transponder turned off"" ""without attracting the attention of patrols""
FireBest MarketPostDock",递送{$smug_commodityName}时需要关闭应答器，并且不引起巡逻队的注意。,,
smug_notEnough,MarketPostDock,"$market.smug_target score:1000
!$smug_noCompleteShown
Call $market.smug_ref updateData
!$smug_playerHasEnough score:1000","$smug_noCompleteShown = true 0
FireBest MarketPostDock",你没有足够的{$smug_commodityName}来完成交付。,,
,,,,,,
# Disrupt Heavy Industry (military),,,,,,
dhiBlurb,dhi_blurb,,,"""{STRATCOM}想找人帮忙。似乎他们想要瘫痪{$dhi_marketName}上的{$dhi_industry}，并以此作为更大更进一步计划的基石。""",,
dhiOfferOption,dhi_option,,,,dhi_start:询问瘫痪{$dhi_marketName}上的{$dhi_industry}这一计划的细节,
dhiBlurbBar,dhi_blurbBar,,,"你在一个私人隔间里认出了{$TheFaction}的一个高级军官 - 看起来他们也认出了你，因为其中一个副官被派过来邀请你过来{""聊聊""}。",,
dhiOfferOptionBar,dhi_optionBar,,,,"dhi_startBar:和那个高级军官{""聊聊""}",
dhiOfferTextBar,DialogOptionSelected,$option == dhi_startBar,"$missionId = dhi
Highlight $dhi_disruptDays $dhi_dist $dhi_reward $dhi_marines","你跟着副官走进了包间; 他们敬了个礼，然后再度朝吧台走去。

""舰长。""{$personName $Rank}以一种质朴的方式欢迎着你。""坐吧，不必拘谨。""{$HeOrShe}伸手去够装着凉水的罐子。{$HeOrShe}看上去总是随时待命的状态。

""{STRATCOM}需要一支非常规部队来瘫痪{$dhi_marketName}上的{$dhi_industry}，至少持续{$dhi_disruptDays}天。""对方在数据板上轻敲了几下，接着一张全息图浮现了出来。情报十分全面: 估计的驻军规模和防御布置。""目标距离这里{$dhi_dist}光年。特别行动办公室已经同意，如果你能完成任务，你将能得到{$dhi_reward}星币。""

你看着那些数据，估计大约需要{$dhi_marines}名陆战队员才能完成这项任务。{$faction $rank}在你进行评估时耐心地等待着你的回复。","contact_acceptBar:接受
contact_declineBarNoContinue:拒绝",
dhiOfferTextContact,DialogOptionSelected,$option == dhi_start,"$missionId = dhi
Highlight $dhi_disruptDays $dhi_dist $dhi_reward $dhi_marines","{$HeOrShe}打开了显示器，上边的情报十分全面: 估计的驻军规模和防御布置。""我们需要一支非常规部队来瘫痪{$dhi_marketName}上的{$dhi_industry}，至少持续{$dhi_disruptDays}天。""对方在数据板上轻敲了几下，一张地图覆盖了之前的信息。""目标距离这里{$dhi_dist}光年。特别行动办公室对该任务的奖励是{$dhi_reward}星币。""

你看着情报，估计大约需要{$dhi_marines}名陆战队员才能完成这项任务。{$faction $rank}在你进行评估时耐心地等待着你的回复。","contact_accept:接受
contact_decline:拒绝",
# disruption raid finished,,,,,,
DHIRaidFinished,DialogOptionSelected,"$market.dhi_raidedTargetIndustry score:1000
$option == mktRaidResult","unset $market.dhi_raidedTargetIndustry
$market.dhi_completed = true 0
Call $market.dhi_ref updateStage","当突击穿梭机返回你的{$shipOrFleet}时，你感受到了几乎无法察觉的震动，看起来他们的工作已经完成。你听了一会儿开放的广播频道; 在电子战余波的影响下，带电粒子在传输线路中的行进轨迹仍未恢复正常，通讯线路中时不时传来异响和尖啸。这种声音再熟悉不过了: 听着它，你几乎可以闻到线路烧焦的味道。

战术分析组已经总结好了伤亡报告。你点头示意，然后关闭了通讯。",mktRaidResult:继续,
,,,,,,
# Disrupt Spaceport (underworld),,,,,,
dspBlurb,dsp_blurb,,,"""这有一项很重的任务，并且我愿意为此提供相当丰厚的报酬: 我需要人去瘫痪{$dsp_marketName}上的{$dsp_industry}。""",,
dspBlurb_villain,dsp_blurb,$voice == villain,,"""鉴于我们已经互相信任，我就直说了: 在{$dsp_marketName}上搞出一些麻烦会对我的计划有帮助，你能帮我瘫痪那里的{$dsp_industry}吗? 酬劳是不会少的。""",,
dspOfferOption,dsp_option,,,,dsp_start:询问瘫痪{$dsp_industry}一事的细节,
dspBlurbBar,dsp_blurbBar,,,某个黑道大佬懒洋洋地躺在一个小隔间里，从旁边那些盯着任何胆敢靠近的人的保镖就可以看出来，恐怕在那能接到的不是什么好工作。,,
dspOfferOptionBar,dsp_optionBar,,,,dsp_startBar:看看隔间里的黑道大佬会让你搅什么浑水,
dspOfferTextBar,DialogOptionSelected,$option == dsp_startBar,$missionId = dsp,"当你靠近时，一个接受过生化改装的暴徒拦住了你，脸上挂着无机感十足的笑容，仿佛因为自己终于可以揍人而感到十分开心。一直跟着你的一个保镖则感觉这就是自己受雇于你的理由，快步走了过来。

你的人有着更好的战斗技巧，而对方只是在接受非正规生化改装后徒有凶相的暴徒罢了。

隔间里，一阵轻快的掌声响起。""精彩的表演，干得漂亮。尽管我看多了血腥斗殴，这次我还是连酒都忘了喝一口。""然后对方对暴徒说: ""你! 退下 - 舰长，过来吧。""","dsp_startBar2:继续
contact_declineBarNoContinue:拒绝",
dspOfferTextBar2,DialogOptionSelected,$option == dsp_startBar2,,"{$personName}喜欢谈论{$himOrHerself}的事，并且对这样做不需要他人的意见一事感到很满足，这个{""他人""}可以是其他旁听的暴徒，也可以是你。

谈话最终转到了你和对方的保镖之间的对峙。""似乎你在经营舰队方面很有自己的一套，""{$heOrShe}说，谈论间几乎没有碰{$hisOrHer的}饮料。

第二杯咖啡摆在了你面前，你礼貌地啜了一口以免自己忘了这玩意儿。""十分干练的保镖，非常专业。或许也有很高的薪水? ""{$HeOrShe}挑起了眉毛，在你能做出回应之前继续道。""我正需要这些。你看 - 大部分的强盗，土匪，以及海盗; 他们过于草率了。把事情搞得一团糟，声势浩大，但虎头蛇尾。""

""看起来，你，""{$heOrShe}说，""可以为我做点什么。""","dsp_startBar3:继续
contact_declineBarNoContinue:拒绝",
dspOfferTextBar3,DialogOptionSelected,$option == dsp_startBar3,Highlight $dsp_disruptDays $dsp_dist $dsp_reward $dsp_marines,"""我需要你的陆战队。瘫痪{$dsp_marketName}上的{$dsp_industry}至少{$dsp_disruptDays}天。那离这里{$dsp_dist}光年 - 你知道那是哪里。这不是屠杀任务，也不是恐怖行动，只是生意相关，做的利索点。当行动目标意识到和平合作更为明智的时候，更多的利润就来了，不是吗?""

{$HeOrShe}摆出了一副认真的模样，好像在细细斟酌自己该为这个任务给出怎样的报酬好。""{$dsp_reward}星币。""

你估计你需要大约{$dsp_marines}名陆战队员来完成这个任务。","contact_acceptBar:接受
contact_declineBarNoContinue:拒绝",
dspOfferTextContact,DialogOptionSelected,$option == dsp_start,"$missionId = dsp
Highlight $dsp_disruptDays $dsp_dist $dsp_reward $dsp_marines","""总之，""{$heOrShe}说，""我需要你去瘫痪{$dsp_marketName}上的{$dsp_industry}，那在{$dsp_dist}光年外，确保它被瘫痪至少 - ""{$heOrShe}皱起{$hisOrHer的}眉毛思考着，然后冷冷地说，""{$dsp_disruptDays}天。这应该足够了。帮我完成这个任务，我将奖励你{$dsp_reward}星币。""

""这是目标的资料，能让你做出明智一些的决定。""{$HeOrShe}戳了戳{$hisOrHer的}数据板，很快你就得到了对{$dsp_marketName}的十分详尽的情报。你估计你需要大约{$dsp_marines}陆战队员来完成这次袭击。","contact_accept:接受
contact_decline:拒绝",
# disruption raid finished,,,,,,
dspRaidFinished,DialogOptionSelected,"$market.dsp_raidedTargetIndustry score:1000
$option == mktRaidResult
Call $market.dsp_ref updateData","unset $market.dsp_raidedTargetIndustry
$market.dsp_completed = true 0
Call $market.dsp_ref updateStage",该任务已按照{$dsp_personName}的要求完成，无论那人打算开始对对方进行什么敲诈或恐吓，这下应该有效得多了。,mktRaidResult:继续,
,,,,,,
# Tactically bombard colony,,,,,,
taboBlurb,tabo_blurb,,,"""{STRATCOM}需要一支非常规部队对{$tabo_marketName}进行战术轰炸; 我认为你应该是干这事的好人选。""",,
taboOfferOption,tabo_option,,,,tabo_start:询问战术轰炸任务的细节,
taboBlurbBar,tabo_blurbBar,,,"一个穿着整洁制服坐在隔间里的高级官员和你对上了目光。对方的副官走向了你，""我的上司想和你商量一件事，{$PlayerSirOrMadam}，若是方便的话。""",,
taboOfferOptionBar,tabo_optionBar,,,,"tabo_startBar:过去看看那个高级官员想和你{""商量""}什么",
taboOfferTextBar,DialogOptionSelected,$option == tabo_startBar,"$missionId = tabo
Highlight $tabo_dist $tabo_reward $tabo_fuel","""{$playerName}舰长，""{$heOrShe}在你走近时严肃地点点头，""你的名字如雷贯耳。""

{$HeOrShe}拿起杯子喝了一点透明的饮料，然后轻触了几下{$hisOrHer的}数据板; 一个私人领域隔绝了声音，领域外的景象也变得模糊了起来。

""我需要一支精锐但不在编制内的舰队，以对{$tabo_dist}光年外的{$tabo_marketName}进行战术轰炸。如果你能按照相关指示执行任务，{$tabo_reward}星币将会汇到你的账户内。""

一只手拿着玻璃杯，{$faction $rank}又操作了几下{$hisOrHer的}数据板，然后将它滑向了你。屏幕上显示着驻军人数，布防状况之类详细的情报。你查看了报告后估计你需要大约{$tabo_fuel}燃料来进行轰炸。{$rank}注视着你，当你抬头时，对方扬起眉毛。""接这任务吗?""","contact_acceptBar:接受
contact_declineBarNoContinue:拒绝",
taboOfferTextContact,DialogOptionSelected,$option == tabo_start,"$missionId = tabo
Highlight $tabo_dist $tabo_reward $tabo_fuel","""我奉命雇佣一支非正规舰队，对{$tabo_dist}光年外的{$tabo_marketName}进行战术轰炸。我们知道你以前的工作都完成得很出色，也因此相信你能出色地完成这项任务，""{$heOrShe}说，""我们还拨出了{$tabo_reward}星币来作为你的酬劳。""

{$HeOrShe}轻触{$hisOrHer的}数据板，共享的情报信息出现在了你的显示器上。你简要地浏览着情报，根据任务参数估计你需要大约{$tabo_fuel}燃料来执行轰炸任务。

{$rank $personLastName}挥手划走了战术情报，看着你，""那么，你的决定是?""","contact_accept:接受
contact_decline:拒绝",
# disruption raid finished,,,,,,
taboBombardmentFinished,DialogOptionSelected,"$market.tabo_bombardedColony score:1000
$option == mktBombardResult","unset $market.tabo_bombardedColony 
$market.tabo_completed = true 0
Call $market.tabo_ref updateStage","{$name}填满了你舰桥上的战术显示屏，四散的中空图标显示出了被解决的目标。很快最后一个目标的图标出现，你的任务完成了。

你轻轻挥了挥手，战术显示器上的图像消失。四散的全息噪点以你的{$shipOrFleet}为中心点，向外围快速重聚成了导航界面。",mktBombardResult:继续,
# Patrol encounter at some point afterwards,,,,,,
TABOPatrolHail1,TABOPatrolHail,,$entity.ignorePlayerCommRequests = true,"""你可别指望轰炸了{$entity.tabo_marketName}后没人会给出响应，""{$rank}大胆地说。""现在准备战斗吧!""","cutCommLink2:""如有不便，敬请谅解。""
cutCommLink:保持沉默",
TABOPatrolHailLuddic,TABOPatrolHail,$faction.id == luddic_church,$entity.ignorePlayerCommRequests = true,"""你的下半辈子会因为对{$entity.tabo_marketName}进行这样的毁灭而受到审判。""这位{$rank}说着，双手紧握，充满虔诚。""愿上帝指引我的手，让我为你带来判决!""","cutCommLink2:""如有不便，敬请谅解。""
cutCommLink:保持沉默",
TABOPatrolHailLuddicPath,TABOPatrolHail,$faction.id == luddic_path,$entity.ignorePlayerCommRequests = true,"""{Moloch}的肮脏奴仆!""左径分子喊道，""上帝正对我微笑，只因我的圣途已将我指引到你身边。我将挥舞卢德的正义铁锤，重击并粉碎你的舰队!""","cutCommLink2:""你真的有读过卢德的布道辞吗?""
cutCommLink:保持沉默",
TABOPatrolHailTriTachyon,TABOPatrolHail,$faction.id == tritachyon,$entity.ignorePlayerCommRequests = true,"速子科技{$rank}露出的表情给人感觉像是{$heOrShe}闻到了什么难闻的味道。""这种...对公司财产的肆意破坏是对我们底线的直接攻击。我向你保证，你这个海盗，你这个土匪! 你会付出双倍的代价!""","cutCommLink2:""那将会是我与速子科技做的最大的一笔生意。""
cutCommLink:保持沉默",
TABOPatrolHailPirates,TABOPatrolHail,$faction.id == pirates,$entity.ignorePlayerCommRequests = true,"""你惹怒了老大，""海盗咆哮道。""你炸了老大的东西，还以为你能逃脱惩罚吗? 没有人得罪了老大之后还能活着。""","cutCommLink2:""我得承认，哪怕是现在我也觉得我能逃脱惩罚。""
cutCommLink:保持沉默",
,,,,,,
# Security Codes mission,,,,,,
secoBlurb,seco_blurb,,,"""我这里有最新的{$seco_faction}设施安全码。这些代码可以在进行地面行动时为你带来巨大优势。""",,
secoOfferOption,seco_option,,,,seco_start:询问{$seco_faction}的安全码,
secoBlurbBar,seco_blurbBar,,,酒吧里，一个鬼鬼祟祟的{$seco_manOrWoman}正在摆弄着一个电子设备，对方在转身离开前给了你一个严肃但意味深长的眼神。,,
secoOfferOptionBar,seco_optionBar,,,,seco_startBar:去和摆弄电子设备的鬼鬼祟祟{$seco_manOrWoman}聊天,
secoOfferTextBar,DialogOptionSelected,$option == seco_startBar,"$missionId = seco
SetTextHighlightColors $seco_factionColor h
SetTextHighlights $seco_faction $seco_price
DoCanAffordCheck $seco_price contact_acceptBar","{$seco_manOrWoman}放下了设备，说{$seco_heOrShe}看见你的{$shipOrFleet}了，这时你还假装在看菜单。""你看起来像是会用到最新的{$seco_faction}设施安全码的人，""{$seco_heOrShe}眨了眨眼说。

""一旦你用这玩意儿一次，他们就会更改所有的密码。不过，只要在适当的时候破坏安全系统...""{$HeOrShe}停了下来，让你体会话中的含义: 它会为你在地面行动中带来一次性的显著优势。""你必须得快点用它们，""{$heOrShe}耸了耸肩，""这些代码会轮换，大概一个月轮换一次，没什么特殊情况的话。""

{$seco_manOrWoman}说价格是{$seco_price}星币，明显比你手中菜单上的东西贵的多。","contact_acceptBar:买下安全码
contact_declineBarNoContinue:拒绝",
secoOfferTextContact,DialogOptionSelected,$option == seco_start,"$missionId = seco
SetTextHighlightColors $seco_factionColor h h
SetTextHighlights $seco_faction $seco_price $seco_days
DoCanAffordCheck $seco_price contact_accept","{$HeOrShe}阴森森地点了点{$hisOrHer的}头: ""我的一个{'朋友'}获得了一些安全码，它们可以让你在任何一次地面行动中占据上风 - 当然，只要用了一次，对方就会立即改掉密码。我打算用{$seco_price}星币卖掉它们。必须为我的朋友承担风险，当然也包括合理的转售费。""在{$seco_days}天内使用安全码都是可以的。","contact_accept:买下安全码
contact_decline:拒绝",
secoPostAccept,ContactPostAccept,$missionId == seco,"RemoveCommodity credits $seco_price
Call $seco_ref repSuccess
Call $seco_ref addContacts",,,
# Patrol encounter at some point afterwards,,,,,,
SECOPatrolHail,SECOPatrolHail,,$entity.ignorePlayerCommRequests = true,"""我们不知道你是怎么搞到我们的安全码的，""{$theFactionLong $personRank}愤怒地说，""这种诡计是对我作为一名战士的荣誉的侮辱。我接到的命令不过是追捕并消灭你，但你要知道，这是一个军官和一个无耻的懦夫之间的决斗。""

""让你的{$shipOrFleet}做好战斗准备吧。""{$heOrShe}啐了一口。""让我们看看你在一场公平的战斗中表现如何。""","cutCommLinkNoText2:嘟囔一些关于信息安全的东西
cutCommLinkNoText:保持沉默",
,,,,,,
# Ship Hijacking mission,,,,,,
hijackBlurb,hijack_blurb,,,"""我制定了一个万无一失的计划，可以从当地轨道的仓库中偷一艘军用飞船。买家没能成功，所以我可以卖给你你需要的信息，让你自己完成这项工作。""",,
hijackOfferOption,hijack_option,,,,hijack_start:询问关于偷取军用飞船的计划,
hijackBlurbBar,hijack_blurbBar,,,一个穿着动力盔甲内衬，长相彪悍的{$hijack_manOrWoman}正喝着刺鼻的酒，用凶狠的眼神恐吓任何试图靠近的人。,,
hijackOfferOptionBar,hijack_optionBar,,,,hijack_startBar:和穿着动力装甲内衬长相彪悍的{$hijack_manOrWoman}谈谈,
hijackOfferTextBar,DialogOptionSelected,$option == hijack_startBar,$missionId = hijack,"你走了过去，面对对方那令人生畏的目光依然保持着冷静。带着一股刺鼻酒味的{$hijack_manOrWoman}看到你的镇定后笑了起来，邀请你坐在{$heOrShe的}身边。""我喜欢你，""{$heOrShe}大声说，但被酒吧里的人无视了，""你不是个胆小鬼!""

你的这位新朋友一直在夸夸其谈，但你惊讶地发现{$heOrShe}实际上比{$heOrShe}看上去要聪明得多，因为{$heOrShe}在{$hisOrHer的}吹嘘中插入了一些探寻你背景和能力的尖锐问题。

{$heOrShe}放轻了嗓门，但始终用{$hisOrHer的}眼睛警戒着四周: ""我可是很有水准的，舰长。而你能进退有度，这让我很欣赏你。不知道你是否愿意和我一起干一票。""{$HeOrShe}微笑起来，炫耀着钛制的牙齿。""想知道更多细节吗?""","hijack_startBar2:""说吧。""
contact_declineBarNoContinue:拒绝",
hijackOfferTextBar2,DialogOptionSelected,$option == hijack_startBar2,Highlight $hijack_price $hijack_marines,"""在一个守卫薄弱的轨道船坞里，有一艘{$hijack_designation $hijack_hull}正在吃灰。我制定了一个偷船的计划，但最初的赞助商临阵退缩了。就像我之前说的，胆小鬼。做了这么多准备，不去干就太浪费了，对吧? 但一艘星际飞船对我没有任何用处。""

""机库的结构图，安全码，警卫轮值表，我应有尽有。我甚至会亲自参加行动，这样你或许能放心一些。""

""我的开价是{$hijack_price}星币，没有商量的余地。你将需要准备至少{$hijack_marines}名陆战队员来让这任务顺利执行。我不认为会有积极的抵抗，但我们依然需要警惕每一个安保人员，免得被某些想逞英雄的人搞出乱子。你的决定是?""","hijack_lookBar:询问目标舰船的细节
contact_declineBarNoContinue:拒绝",
hijackOfferTextContact,DialogOptionSelected,$option == hijack_start,"$missionId = hijack
SetTextHighlights $hijack_price","""在一个守卫薄弱的轨道船坞里，有一艘{$hijack_designation $hijack_hull}正在吃灰，不知道什么原因，也许是什么申请表填错了。所有的资料我都有，机库的结构图，安全码，警卫轮值表之类。我甚至会亲自参加行动，这样你大概能放心一些。""

""我的开价是{$hijack_price}星币，没有商量的余地。你将需要准备至少{$hijack_marines}名陆战队员来让这任务顺利执行。我不认为会有积极的抵抗，但我们依然需要警惕每一个安保人员，免得被某些想逞英雄的人搞出乱子。你怎么想?""","hijack_look:询问那艘战舰的细节
contact_decline:拒绝",
hijackBarLookAtFreighter,DialogOptionSelected,$option == hijack_lookBar,"Call $hijack_ref showShip
DoCanAffordCheck $hijack_price hijack_op1
FireBest HijackNotEnoughMarines","{$hijack_manOrWoman}在{$hijack_hisOrHer}的破旧速子平板上轻触了几下，目标舰船的相关数据就出现在了上面。""不错的船，不是吗?""","hijack_op1:同意
contact_declineBarNoContinue:拒绝",
hijackLookAtFreighter,DialogOptionSelected,$option == hijack_look,"Call $hijack_ref showShip
DoCanAffordCheck $hijack_price hijack_op1
FireBest HijackNotEnoughMarines","{$personName}轻触了几下手中的电子设备，将目标舰船的相关数据分享给你。""看看吧。""{$heOrShe}说。","hijack_op1:同意
contact_decline:拒绝",
HijackNotEnoughMarines,HijackNotEnoughMarines,$player.marines < $hijack_marines,SetEnabled hijack_op1 false,你没有足够的陆战队员来执行这次任务。,,
hijackOperation1,DialogOptionSelected,$option == hijack_op1,,"让两支队伍乘坐伪装成民用后勤无人机的穿梭机溜进轨道船坞非常简单。一颗出现得很不是时候的小陨石的撞击导致船坞里的基础通讯系统失灵了，然后一个拥有完整安全权限的{""某人""}的失误重置了机库的电力系统，使内部传感器和过时了几个世纪的门锁失去了作用。

你精心挑选的陆战队员们打了警卫一个措手不及。",hijack_op2:继续,
hijackOperation2,DialogOptionSelected,$option == hijack_op2,"RemoveCommodity credits $hijack_price
AddShip $hijack_member
Call $hijack_ref repSuccess
Call $hijack_ref addContacts",你在全息影像上看到{$personName}正透过{$hisOrHer的}数据板咧嘴笑着，{$himOrHerself}拉动了手动对接释放器。你的新船从机库夹具中挣脱了出来，它全副武装的新船员们在主电源上线时操作起了舰桥控制台。,hijack_op3:继续,
hijackOperation3Bar,DialogOptionSelected,"$option == hijack_op3
$hijack_barEvent",,"你回到酒吧，与{$personName}畅饮着对方喜欢用来庆祝的烈酒。

""真有趣，舰长! 只要你愿意，我随时都可以和你一起再偷一艘船。""{$heOrShe}的声音大得周围的人都能听见，但他们还是聪明地装出没听见的样子。",contact_acceptBarNoText:继续,
hijackOperation3NotBar,DialogOptionSelected,"$option == hijack_op3
!$hijack_barEvent",,"在新船加入你的舰队后，你和{$personName}一起看着行动报告。

""一切按计划进行。""{$HeOrShe}笑得像个老海盗，""总有一天我们会再一起干一票的。""",contact_acceptNoText:继续,
,,,,,,
# Jailbreak mission,,,,,,
jabrBlurb1,jabr_blurb,,,"""我想讨论对某个人的非必要监禁，以及可能采取什么措施来解决这个问题。""",,
jabrOfferOption1,jabr_option,,,,"jabr_start:询问具体要怎么解决{""监禁""}问题",
jabrBlurbBar1,jabr_blurbBar,,,在阴暗的角落里，一个抽着大烟的{$jabr_manOrWoman}引起了你的主意。,,
jabrOfferOptionBar1,jabr_optionBar,,,,jabr_startBar:走向那个抽大烟的{$jabr_manOrWoman},
jabrOfferTextBar1,DialogOptionSelected,$option == jabr_startBar,"$missionId = jabr
Highlight $jabr_dist $jabr_reward $jabr_marines","当你走近时，{$jabr_manOrWoman}一言不发地打量着你。过了一会儿，{$jabr_heOrShe}似乎觉得很满意，沉默着将一个廉价的数据板滑过桌子。上面显示着一份个人资料和一个安全设施的示意图。

{$jabr_heOrShe}用平静的声音解释道: ""我需要一个人把目标从不公正的囚禁中释放出来。我的赞助人可以为此提供{$jabr_reward}星币。""{$jabr_manOrWoman}等待你的答复，从对方眼睛里你只能看见反射的星光。

你快速浏览了资料，对其完整性表示赞许。你估计大约需要{$jabr_marines}名陆战队员才能完成这次任务。","contact_acceptBar:接受
contact_declineBarNoContinue:拒绝",
jabrOfferTextContact1,DialogOptionSelected,$option == jabr_start,"$missionId = jabr
Highlight $jabr_dist $jabr_reward $jabr_marines","""任务是从{$jabr_dist}光年外的{$jabr_marketName}上释放目标。不留痕迹会更好，但事情脱离控制也是没办法的。任务完成后，{$jabr_reward}星币会被打进你的账户。""

""我怀疑他们已经做好了对突袭的准备，所以我想办法搞到了这个。""{$HeOrShe}按了按速子平板，你的数据板上收到了地面防御设施以及驻军部署的详细报告。在快速浏览之后，你估计你需要{$jabr_marines}名陆战队员才能完成这次任务。","contact_accept:接受
contact_decline:拒绝",
# interaction with target market,,,,,,
jabrOpenMarket1,OpenInteractionDialog,"$market.jabr_target score:1000
Call $market.jabr_ref updateData
!$jabr_addedRaidObjective","AddRaidObjective genericIcon ""Conduct jailbreak operation"" $jabr_danger 3000 JABRRaidFinished
$jabr_addedRaidObjective = true 0
FireBest OpenInteractionDialog",,,
jabrRaidFinished1,JABRRaidFinished,Call $market.jabr_ref updateData,"$market.jabr_needToReturn = true
Call $market.jabr_ref updateStage","目标蓬头垢面，看起来已经有一段时间没有睡过觉了。他们长着非常平凡的脸; 就像你平时不会多加留意的，从货运通道中经过的技术人员、职员或工人。弄得如此麻烦，就为了这么些人?

""谢谢你，舰长，""当你的警卫把他们领到一个安全的隔间时，他们脸色苍白地笑了笑，""我现在十分想家，我敢肯定。""",,
jabrBarEventAdd,AddBarEvents,"$market.jabr_target score:1000
Call $market.jabr_ref updateData","AddBarEvent jabr_barEvent ""跟那个点了一杯叫{'囚犯'}的酒的顾客谈谈"" ""一个顾客大声点了一个叫{'囚犯'}的什么东西并冲你笑了笑""",,,
jabrBarEventSel,DialogOptionSelected,$option == jabr_barEvent,"SetStoryOption jabr_storyOptionBar general ""与这位叛变者商量释放囚犯的事""
Highlight $jabr_storyCost
DoCanAffordCheck $jabr_storyCost jabr_storyOptionBar false","你走近那位面带微笑的顾客，对方转过身来，但眼睛依旧紧紧地盯着墙上展示的菜单，这时吧台上出现了一种有些奇特的饮品。

""可供选择的手段很多，{$playerName}，""对方唐突而刻意地这么说道。""并非每个人的所求都完全一致的。有些人心中十分不满，但出于礼貌而没有大声说出来。""对方的目光闪过了门口，然后投向了全息显示屏上有关{$jabr_marketName}上领导干部的新闻。

""也许你会喜欢我手上的东西? ""对方长长地啜饮了一口，""这东西挺贵的，因为还有其他人也非常想得到它。价格是{$jabr_storyCost}星币。""","jabr_storyOptionBar:贿赂微笑的顾客以获得囚犯
jabr_backToBar:返回酒吧",
jabr_barStoryOptionFromBar,DialogOptionSelected,$option == jabr_storyOptionBar,"RemoveCommodity credits $jabr_storyCost
$market.jabr_needToReturn = true
Call $market.jabr_ref updateStage
RemoveBarEvent jabr_barEvent
BarCMD returnFromEvent true","你叫来酒保，点了{""其中之一""}。

顾客的脸上又出现了微笑。向全息显示屏点了点头，""上面这位朋友可真尴尬。""

你在安全通讯频道中与设施安保人员对上了暗号，并协商接头地点。对方承诺在下一次轮班开始之前交付目标。没等多久，当对方被从一个阴暗的维修通道里推到你面前时，你和这双手仍然被绑着的囚犯一样惊讶。在重新密封通道的门之前，那位顾客倾身向你点了点头。

在公民识别网络标记出你们的身份之前，你们迅速离开了。",jabr_continue1:继续,
jabr_barReturnToBar,DialogOptionSelected,$option == jabr_backToBar,BarCMD returnFromEvent false,,,
# returned with target,,,,,,
jabrMissionReturn1,PickGreeting,"$jabr_returnHere score:1000
Call $jabr_ref updateData
FireBest GenericMissionReturn","ShowPersonVisual
$jabr_completed = true
Call $jabr_ref updateStage",你速子平板的铃声响起，通知你你的首席安全官已经交出了囚犯，对方现在自由了，也许吧。,contact_pickAnotherGreeting:继续,
,,,,,,
# Dead Drop mission,,,,,,
ddroBlurb1,ddro_blurb,,,"""我需要递送一个包裹，目的地必须保密。很简单的任务。""",,
ddroOfferOption1,ddro_option,,,,ddro_start:询问秘密运输任务的细节,
ddroBlurbBar1,ddro_blurbBar,,,在酒吧的一角，不少看起来生活水平不高的人在和一个潇洒的{$ddro_manOrWoman}碰头后几乎立刻就跑开了。对方似乎在发号施令。,,
ddroOfferOptionBar1,ddro_optionBar,,,,ddro_startBar:看看那个潇洒的{$ddro_manOrWoman}在做什么,
ddroOfferTextBar1,DialogOptionSelected,$option == ddro_startBar,"$missionId = ddro
Highlight $ddro_dist $ddro_reward","{$ddro_manOrWoman}注意到了你的接近。""你也想找份工作，对吗? ""{$heOrShe}被你的大胆逗乐了。

""让我给你件任何一个脑袋被辐射烤焦的太空船员都能做到的简单工作吧。""{$heOrShe}耸了耸肩，""但遗憾的是，很多人就是不能按照指示去做，落得个被丢出气闸的下场。""{$HeOrShe}笑了起来，好像这是个很棒的笑话。

""将东西送到{$ddro_systemName}，那距离这里{$ddro_dist}光年。""{$HeOrShe}从{$hisOrHer的}外套里翻出一个速子平板，上边显示着那{$ddro_aOrAnThing}。""就这玩意儿。奖励是{$ddro_reward}星币。交货的时候不要让人看见，也不要走漏风声。""","contact_acceptBar:接受
contact_declineBarNoContinue:拒绝",
ddroOfferTextContact1,DialogOptionSelected,$option == ddro_start,"$missionId = ddro
Highlight $ddro_dist $ddro_reward","{$PersonName}沉默着看了你一会儿，然后点了点头，似乎很满意。

""别问我任何问题，这个任务已经很简单了。把这玩意儿递送到{$ddro_dist}光年外{$ddro_systemName}的指定位置。交钱的时候别让人看见，也别走漏风声。奖励是{$ddro_reward}星币。""{$HeOrShe}按了按{$hisOrHer的}数据板，你的显示器上显示出了那{$ddro_aOrAnThing}的信息。

""就是这么回事，你接受这些条件吗?""","contact_accept:接受
contact_decline:拒绝",
# dead drop - node interaction,,,,,,
ddroPrintHostilesText,OpenInteractionDialog,"$ddro_target score:1000
IsSeenByAnyFleet
Call $ddro_ref updateData",ShowDefaultVisual,你的{$shipOrFleet}最近刚被侦测到或者正在被跟踪，现在递交物品到指定位置是非常不明智的。,defaultLeave:离开,
ddroObjectInteraction,OpenInteractionDialog,"$ddro_target score:1000
Call $ddro_ref updateData",ShowDefaultVisual,"你的导航技师向你告知你的{$shipOrFleet}已经到达由{$ddro_personName}提供的坐标。{$ddro_thing}已经被小心地安置到了货运无人机的机械臂上，随时准备投放。

执行按钮在你的命令界面上轻轻地闪烁。","ddro_scan:把货扔到稳定轨道上
defaultLeave:离开",
ddroObjectScan,DialogOptionSelected,$option == ddro_scan,"$ddro_completed = true
Call $ddro_ref updateStage","舱门打开，货运无人机伸长它的机械臂，然后轻轻地松开了物品。

任务完成了，无论{""那东西""}是什么。",defaultLeave:离开,
,,,,,,
# Blueprint Intel,,,,,,
sitmBlurb1,sitm_blurb,,,"""我的一个线人告诉了我{$sitm_aOrAnItem}的位置。我愿意在价格合适的前提下与你分享这个信息。""",,
sitmBlurb1_villain,sitm_blurb,$voice == villain,,"我的一个线人告诉了我{$sitm_aOrAnItem}的位置。但目前我不需要它，所以我愿意在价格合适的情况下与你分享得到它的机会。""",,
sitmOfferOption1,sitm_option,,,,sitm_start:询问{$sitm_item}的位置,
sitmBlurbBar1,sitm_blurbBar,,,一个穿着挂满闪亮奖杯的救生装备的{$manOrWoman}从你身边走过，为整个酒吧买了一轮酒。,,
sitmOfferOptionBar1,sitm_optionBar,,,,sitm_startBar:为对方的酒感谢那个闪闪发光的{$manOrWoman},
sitmOfferTextBar1,DialogOptionSelected,$option == sitm_startBar,"$missionId = sitm
Highlight $sitm_price
DoCanAffordCheck $sitm_price sitm_contact_acceptBar","""我在庆祝!""{$HeOrShe}靠了过来，""一个新发现。""{$HeOrShe}举起{$hisOrHer的}饮品，转过身笑嘻嘻地说，""继续喝吧，庆祝我的好运!""人们对这种自我祝酒的热情并不高，但依然有一群下班了的太空船员大呼小叫着。

{$HeOrShe}在太空船员们尖叫时喝下了饮料，然后看向你。""你看起来像是航行经验丰富的人，""{$heOrShe}又一次压低了{$hisOrHer的}声音。我知道{$sitm_aOrAnItem}的位置，花{$sitm_price}星币你也能知道。只要带着你的{$shipOrFleet}过去，你就能拿走它。我也想去，但我不太喜欢在深空中航行的感觉。""

{$HeOrShe}轻敲着{$hisOrHer}的空饮料杯，目光寻找着酒保。""感兴趣吗?""{$heOrShe}漫不经心地问道。","sitm_contact_acceptBar:接受
contact_declineBarNoContinue:拒绝",
sitmContactMissionAcceptBar,DialogOptionSelected,$option == sitm_contact_acceptBar,"BarCMD accept $missionId
FireBest ContactPostAccept
BarCMD returnFromEvent true","你付了钱后，{$manOrWoman}就找借口离开了。当你查看对方提供的目标所在位置时，酒保端着第二杯酒过来了，还叹了口气。""提醒你一下，朋友，这不是{$heOrShe}第一次这么干了。我想你不是唯一一个有藏宝图的人。""",,
sitmOfferTextContact1,DialogOptionSelected,$option == sitm_start,"$missionId = sitm
Highlight $sitm_price
DoCanAffordCheck $sitm_price contact_accept","{$HeOrShe}思考了一会儿，然后冷冷地说，""有件事我得告诉你，这种线人，他们不是完全可靠的。不要误解我的意思，我对所提供的信息的有效性很有信心 - 我想说的是他们可能会把相同的数据卖给多个利益相关方。所以如果你要接受，你得准备好和其他寻宝者打交道。""

""目标所在位置的价格是{$sitm_price}，十分合理。你觉得呢?""","contact_accept:接受
contact_decline:拒绝",
sitmOfferTextContact1_villain,DialogOptionSelected,"$option == sitm_start
$voice == villain","$missionId = sitm
Highlight $sitm_price
DoCanAffordCheck $sitm_price contact_accept","{$HeOrShe}似乎在思考着什么，不一会后对方语气冰冷地开口了，""我希望我们之后能继续合作，所以我得给你个警告 - 不要忽视它。为了将利益最大化，我已经把相同的数据卖给了多个利益相关方。所以如果你要接受，你得准备好和其他寻宝者打交道。""{$HeOrShe}露出了期待的微笑，""目标将远离核心世界; 你可以直接干掉他们的舰队，掠夺他们的补给，怎么聪明怎么来。""

""{$sitm_price}星币换位置信息，很合理。你要参加这个危险的游戏吗?""","contact_accept:接受
contact_decline:拒绝",
sitmPostAccept,ContactPostAccept,$missionId == sitm,"RemoveCommodity credits $sitm_price
Call $sitm_ref repSuccess
Call $sitm_ref addContacts",,,
# scavenger conversations,,,,,,
SITMScavWarning,SITMScavWarning,,,"""宝藏将属于我，而且只属于我一个人! 你最好离远点，如果...""寻宝者搜寻着合适的词，""如果 - 如果你想活命的话!""

当你还在思考该说什么时，通讯链接被唐突切断了。",cutCommLinkNoText:继续,
SITMScavAttack,SITMScavAttack,,MakeOtherFleetNoRepImpact sitm true,"""我告诉过你，我警告过你。""寻宝者语无伦次地说，""你得 - 你得和我硬碰硬了。我告诉过你，我告诉过你的! 你会后悔的。""

你还没来得及说话，通讯线路就又被切断了。看起来这个寻宝者社交能力不太行。",cutCommLinkNoText:继续,